842,aman,8423194569,4r,Veg,hellooooooooo,25/09/2024,17:01:20,close,hyllookdone
123,qw,7655543322,4r,Emergency,hghg,23/09/2024,15:08:18,open,sssssssss
aqa,aman,43,12,Security,zzzzzzzzzzzzzzzzzzzzzzzzzz,23/09/2024,15:54:18,close,hiiiiiiiiiiiiiiiiii
123,qw,7655543322,4r,Emergency,hghg,23/09/2024,15:08:18,close,yuppppppppppppppppppp
123,qw,7655543322,4r,Emergency,hghg,23/09/2024,15:08:18,close,pop
123,qw,7655543322,4r,Emergency,hghg,23/09/2024,15:08:18,close,popup
842,aman,8423194569,4r,Veg,aaaayyyy,23/09/2024,17:41:25,close,hello from here
987654321,ankita s,7655543322,98,Veg,i need dher saraa khana    ,27/09/2024,10:11:06,open,yyyyyyyyyyyyyyy123111111,qw,12,111,Emergency,aman rocks,9/27/2024,5:16:36 PM,open,No_Action_Taken
00000,jkiu,3232,76,Linen,ddddd,9/27/2024,5:36:33 PM,close,closing working 