842,aman,8423194569,4r,Veg,hellooooooooo,25/09/2024,17:01:20,close,hyllookdone
123,qw,7655543322,4r,Emergency,hghg,30/09/2024,09:25:30,close,hhhhhhhhhhhhhhhh
aqa,aman,43,12,Security,zzzzzzzzzzzzzzzzzzzzzzzzzz,23/09/2024,15:54:18,close,hiiiiiiiiiiiiiiiiii
123,qw,7655543322,4r,Emergency,hghg,23/09/2024,15:08:18,close,yuppppppppppppppppppp
123,qw,7655543322,4r,Emergency,hghg,23/09/2024,15:08:18,close,pop
123,qw,7655543322,4r,Emergency,hghg,23/09/2024,15:08:18,close,popup
842,aman,8423194569,4r,Veg,aaaayyyy,23/09/2024,17:41:25,close,hello from here
987654321,ankita s,7655543322,98,Veg,i need dher saraa khana    ,30/09/2024,09:26:22,close,kkkkkkkkkkkkkkkkkkkkkkkkkkkkkkkkkkkkkkkkkkkkkkkkkkkk
00000,jkiu,3232,76,Linen,ddddd,9/27/2024,5:36:33,close,closing working 
11111,22222,3333,e,Emergency,re,04/10/2024,14:39:35,open,No_Action_Taken
87,65,44,uy,Emergency,76,04/10/2024,14:40:30,open,No_Action_Taken
