[
  {
    "id": 19,
    "pnr": "842",
    "passengerName": "qwer",
    "contactNumber": "89",
    "seatNumber": "78",
    "serviceType": "Linen",
    "complaint": "78",
    "date": "1/08/2024",
    "time": "2:02:27",
    "status": "open",
    "actionTaken": "No_Action_Taken"
  },
  {
    "id": 9,
    "pnr": "20494572",
    "passengerName": "an",
    "contactNumber": "43",
    "seatNumber": "4r",
    "serviceType": "Veg",
    "complaint": "uiyiuhgb",
    "date": "10/08/2024",
    "time": "14:55:17",
    "status": "open",
    "actionTaken": "No_Action_Taken"
  },
  {
    "id": 10,
    "pnr": "842",
    "passengerName": "aman",
    "contactNumber": "89",
    "seatNumber": "78",
    "serviceType": "Linen",
    "complaint": "78",
    "date": "10/08/2024",
    "time": "15:02:27",
    "status": "open",
    "actionTaken": "No_Action_Taken"
  },
  {
    "id": 1,
    "pnr": "1234321",
    "passengerName": "Aman",
    "contactNumber": "8754",
    "seatNumber": "12",
    "serviceType": "Veg",
    "complaint": "Asdfg",
    "date": "10/08/2024",
    "time": "15:16:53",
    "status": "open",
    "actionTaken": "No_Action_Taken"
  },
  {
    "id": 2,
    "pnr": "98877",
    "passengerName": "6776",
    "contactNumber": "333",
    "seatNumber": "Yyy",
    "serviceType": "Veg",
    "complaint": "Hhh",
    "date": "10/08/2024",
    "time": "15:18:54",
    "status": "open",
    "actionTaken": "No_Action_Taken"
  } , 
  {
    "id": 19,
    "pnr": "842",
    "passengerName": "qwer",
    "contactNumber": "89",
    "seatNumber": "78",
    "serviceType": "Linen",
    "complaint": "78",
    "date": "10/08/2024",
    "time": "12:02:27",
    "status": "open",
    "actionTaken": "No_Action_Taken"
  }
]