[
    {
      "name": "Chittorgarh Fort",
      "image": "chittor_2.jpg",
      "image2": "chittor_5.jpg",
      "description": "The serial site, situated in the state of Rajasthan, includes six majestic forts in Chittorgarh; Kumbhalgarh; Sawai Madhopur; Jhalawar; Jaipur, and Jaisalmer. The eclectic architecture of the forts, some up to 20 kilometers in circumference, bears testimony to the power of the Rajput princely states that flourished in the region from the 8th to the 18th centuries. Explore the beautiful palaces and ancient temples, including the famous Vijay Stambha, a tower commemorating the victory of Maharaja Rana Kumbha. This fort is also known for its rich history, breathtaking views, and intricate carvings, making it a must-visit for history enthusiasts and photographers alike. The fort complex, recognized as a UNESCO World Heritage Site, offers a glimpse into the glorious past of Rajasthan, allowing visitors to wander through its vast grounds and soak in the historical significance of each structure.",
      "descriptionDetail": "<div><p>The history of Chittor is one of the most stirring chapters in Indian history for it was there that the flower of Rajput chivalry sprang to life and the immense stretch of its sacred walls and ruined palaces relate the saga of innumerable sieges and heroism which has almost become a myth now.</p><p>Chittorgarh was one of the most fiercely contested seats of power in India. With its formidable fortifications, Bappa Rawal, the legendary founder of the Sisodia dynasty, received Chittor in the middle of the eighth century, as part of the last Solanki princess's dowry. It crowns a seven-mile-long hill, covering 700 acres (280 hectares), with its fortifications, temples, towers, and palaces.</p><p>In 1303 Allauddin khilji, Sultan of Delhi, intrigued by tales of the matchless beauty of Padmini, Rani of Chittor, decided to verify this himself. His armies surrounded Chittor, and the sultan sent a message to Rana Rattan Singh, Padmini's husband, to say that he would spare the city if he could meet its famous queen. The compromise finally reached was that the sultan could look upon Padmini's reflection if he came unarmed into the fort. Accordingly, the sultan went up the hill and glimpsed a reflection of the beautiful Padmini standing by a lotus pool. He thanked his host who courteously escorted Allauddin down to the outer gate-where the sultan's men waited in ambush to take the rana hostage.</p><p>There was consternation in Chittor until Padmini devised a plan. A messenger informed the sultan that the rani would come to him. Dozens of curtained palanquins set off down the hill, each carried by six humble bearers. Once inside the Sultan's camp, four well-armed Rajput warriors leaped out of each palanquin and each lowly palanquin bearer drew a sword. In the ensuing battle, Rana Rattan Singh was rescued-but 7,000 Rajput warriors died. The sultan now attacked Chittor with renewed vigor. Having lost 7,000 of its best warriors, Chittor could not hold out. Surrender was unthinkable. The rani and her entire entourage of women, the wives of generals and soldiers, sent their children into hiding with loyal retainers. They then dressed their wedding finery, slid their farewells, and singing ancient hymns, boldly entered the mahal and performed jauhar.</p><p>The men, watching with expressionless faces, then donned saffron robes, smeared the holy ashes of their women on their foreheads, flung open the gates of the fort and thundered down the hill into the enemy ranks, to fight to the death. The second sack or shake (sacrifice) of Chittor, by which Rajputs still swear when pledging their word, occurred in 1535, when Sultan Bahadur Shah of Gujarat attacked the fort.</p><h3>Rana Sanga</h3><p>Rana Sanga (reigned 1509-27) was a warrior and a man of great chivalry and honor. His reign was marked by a series of continual battles, in course of which he is said to have lost one arm and had been crippled in one leg and received eighty-four wounds on his body. The last of his battles was against Mughal invader, Babur, in 1527. Deserted by one of his generals, Rana Sanga was wounded in the battle and shortly after.</p><h3>Maharana Pratap</h3><p>Over the next half-century, most other Rajput rulers allowed themselves to be wooed by the Mughals; Mewar alone held out. In 1567 Emperor Akbar decided to teach it a lesson: he attacked Chittorgarh and razed it to the ground. Five years later Maharana Pratap (reigned 1572-97) came to rule Mewar - a king without a capital. He continued to defy Akbar, and in 1576, confronted the imperial armies at Haldighati. The battle ended in a stalemate and Maharana Pratap and his followers withdrew to the craggy hills of Mewar, from where they continued to harass the Mughals through guerilla warfare for the next twenty years. Maharana Pratap made his descendants vow that they would not sleep on beds, nor live in palaces, nor eat off metal utensils, until Chittorgarh had been regained. In fact, right into the 20th century the maharanas of Mewar continued to place a leaf platter under their regular utensils and a reed mat under their beds in symbolic continuance of this vow.</p><h3>Rani Padmawati</h3><p>In 1303 Allauddin Khilji, Sultan of Delhi, intrigued by tales of the matchless beauty of Padmini, Rani of Chittor, of her wit and charm, decided to verify this himself. His armies surrounded Chittor, and the sultan sent a message to Rana Rattan Singh, Padmini's husband, to say that he would spare the city if he could meet its famous queen. The compromise finally reached was that the sultan could look upon Padmini's reflection if he came unarmed into the fort. Accordingly, the sultan went up the hill and glimpsed a reflection of the beautiful Padmini standing by a lotus pool. He thanked his host who courteously escorted Allauddin down to the outer gate-where the sultan's men waited in ambush to take the rana hostage. There was consternation in Chittor until Padmini devised a plan. A messenger informed the sultan that the rani would come to him. Dozens of curtained palanquins set off down the hill, each carried by six humble bearers. Once inside the Sultan's camp, four well-armed Rajput warriors leaped out of each palanquin and each lowly palanquin bearer drew a sword. In the ensuing battle, Rana Rattan Singh was rescued-but 7,000 Rajput warriors died. The sultan now attacked Chittor with renewed vigor. Having lost 7,000 of its best warriors, Chittor could not hold out. Surrender was unthinkable. The rani and her entire entourage of women, the wives of generals and soldiers, sent their children into hiding with loyal retainers. They then dressed their wedding finery, slid their farewells, and singing ancient hymns, boldly entered the mahal and performed jauhar.</p></div>"
    },
    {
      "name": "Kashmir Valley",
      "image": "kashmir_7.jpg",
      "image2": "kashmir_3.jpg",
      "description": "Jammu & Kashmir tourism has been described as a paradise so many times that one feels it is the ultimate homage you could pay to it. The Kashmir Valley, with its lush green landscapes, pristine lakes, and snow-capped mountains, provides a breathtaking backdrop for adventure and relaxation alike. The valley is famous for its breathtaking views of the Himalayas and vibrant flower gardens, making it a dream destination for nature lovers. Visitors can enjoy activities such as trekking, river rafting, and skiing in the winter months. Don't miss the chance to experience the famous Shikara ride on Dal Lake or explore the beautiful gardens of Mughal architecture like Shalimar Bagh and Nishat Bagh. The warm hospitality of the locals and the rich culture of the region, along with its delicious cuisine, make Kashmir an unforgettable destination for travelers seeking both adventure and tranquility.",
      "descriptionDetail": "<div><h3>Amar Mahal Palace</h3><p>Amar Mahal Palace is the architectural gem located on the National Highway towards Srinagar. Built like a French Chateau on a hill overlooking the river Tawi, it is a beautiful palace of red sandstone which stands amidst the most picturesque horizons of Jammu. Once the residential palace of Raja Amar Singh, the palace has been converted into a museum and is looked after by Hari-Tara Charitable Trust. The museum has the golden throne on which Maharaja used to sit, made up of 120 kg of pure gold. In the museum, you can find a collection of paintings, historical documents, and other artifacts from the region, providing insights into the royal heritage of Jammu and Kashmir.</p></div><div><h3>Shankaracharya Temple</h3><p>The Shankaracharya Temple, dedicated to Lord Shiva, is situated atop Shankaracharya Hill in Srinagar, offering panoramic views of the city and the Dal Lake. The temple is believed to date back to the 9th century and showcases beautiful architecture. The climb to the temple is steep, but the stunning views of the valley and the serene environment make it worth the effort. This temple holds immense significance for Hindu devotees and is an important pilgrimage site.</p></div><div><h3>Dal Lake</h3><p>Dal Lake is often referred to as the 'Jewel in the crown of Kashmir' and is famous for its scenic beauty and houseboats. Visitors can take a Shikara ride to enjoy the tranquil waters of the lake and experience the floating gardens and vibrant markets that thrive on its surface. The experience of spending a night on a houseboat is a highlight for many tourists, offering a unique glimpse into the local lifestyle and culture.</p></div><div><h3>Sonamarg</h3><p>Sonamarg, meaning 'Meadow of Gold', is another popular destination in Kashmir known for its stunning landscapes and trekking opportunities. Surrounded by snow-capped peaks and lush meadows, it's a paradise for adventure enthusiasts. The Thajiwas Glacier here offers a chance for snow-related activities, and the mesmerizing beauty of the valley draws visitors year-round.</p></div>"
    },
    {
      "name": "Taj Mahal",
      "image": "tajmahal_2.jpg",
      "image2": "tajmahal_5.jpg",
      "description": "The Taj Mahal, an iconic symbol of love and one of the Seven Wonders of the World, is a must-visit for anyone traveling to India. Built by Mughal Emperor Shah Jahan in memory of his beloved wife Mumtaz Mahal, this masterpiece of Mughal architecture showcases exquisite marble inlay work and stunning gardens. The Taj Mahal is located in Agra, and attracts millions of tourists each year, offering a glimpse into the rich history and craftsmanship of the Mughal era. As you stroll through the beautiful gardens and take in the grandeur of this monument, you'll appreciate the artistry and dedication that went into its creation. The best time to visit is during sunrise or sunset when the marble glows in shades of pink and gold, creating a truly magical experience.",
      "descriptionDetail": "<div><h3>Architectural Marvel</h3><p>The Taj Mahal, a UNESCO World Heritage Site, is renowned for its stunning architecture and intricate details. The white marble mausoleum is adorned with precious stones and is surrounded by lush gardens, reflecting pools, and beautiful pathways. The symmetry and proportions of the Taj Mahal create a sense of harmony, making it one of the most photographed monuments in the world.</p></div><div><h3>Historical Significance</h3><p>Construction of the Taj Mahal began in 1632 and took about 22 years to complete, involving thousands of artisans, craftsmen, and laborers. The monument is not just a tomb but also a representation of the love and devotion Shah Jahan had for his wife. The intricate carvings and inlaid gemstones tell a story of the Mughal Empire's grandeur and the cultural fusion of Persian and Indian styles.</p></div><div><h3>Visiting Experience</h3><p>Visitors to the Taj Mahal can explore the main mausoleum, the mosque, and the guest house while enjoying the serene environment of the gardens. Early morning or late afternoon visits are recommended to witness the mesmerizing beauty of the monument under different lighting conditions. The site also offers guided tours, providing deeper insights into its history and architectural significance.</p></div><div><h3>Preservation Efforts</h3><p>Efforts to preserve the Taj Mahal are ongoing, as pollution and environmental factors pose challenges to its maintenance. Authorities have implemented measures to protect the monument, including regulations on nearby industrial activities and restoration projects to maintain its beauty for future generations.</p></div>"
    }
  ]