[
  {
    "s_no": 1,
    "pnr": "33343",
    "passengerName": "meera kapoor",
    "contactNumber": "2345678912",
    "seatNumber": "66",
    "serviceType": "Non Veg",
    "complaint": "snack quality poor",
    "date": "04/10/2024",
    "time": "17:42:35",
    "status": "close",
    "actionTaken": "ok done"
  },
  {
    "s_no": 2,
    "pnr": "67890",
    "passengerName": "neha sharma",
    "contactNumber": "2345678901",
    "seatNumber": "45",
    "serviceType": "Non Veg",
    "complaint": "waiting too long",
    "date": "10/24/2024",
    "time": "5:27:54 PM",
    "status": "close",
    "actionTaken": "to kro n , maine thode bola h "
  },
  {
    "s_no": 3,
    "pnr": "1234567890",
    "passengerName": "vijay verma",
    "contactNumber": "7654321098",
    "seatNumber": "67",
    "serviceType": "Linen",
    "complaint": "too hot in the cabin",
    "date": "10/5/2024",
    "time": "13:40:05",
    "status": "close",
    "actionTaken": "adjusted AC"
  },
  {
    "s_no": 4,
    "pnr": "98765",
    "passengerName": "priya agarwal",
    "contactNumber": "1234509876",
    "seatNumber": "30",
    "serviceType": "Linen",
    "complaint": "restroom cleanliness",
    "date": "10/24/2024",
    "time": "5:20:21 PM",
    "status": "close",
    "actionTaken": "767637737367"
  },
  {
    "s_no": 5,
    "pnr": "45678",
    "passengerName": "sunil yadav",
    "contactNumber": "9871234567",
    "seatNumber": "22",
    "serviceType": "Veg",
    "complaint": "meal served late",
    "date": "10/5/2024",
    "time": "15:30:00",
    "status": "close",
    "actionTaken": "apology given"
  },
  {
    "s_no": 6,
    "pnr": "23456",
    "passengerName": "anita shukla",
    "contactNumber": "6789012345",
    "seatNumber": "11",
    "serviceType": "Non Veg",
    "complaint": "cold food served",
    "date": "10/24/2024",
    "time": "5:19:10 PM",
    "status": "close",
    "actionTaken": "de diya h bhai tujhey"
  },
  {
    "s_no": 7,
    "pnr": "13579",
    "passengerName": "rahul desai",
    "contactNumber": "8765432109",
    "seatNumber": "35",
    "serviceType": "Veg",
    "complaint": "missing cutlery",
    "date": "10/6/2024",
    "time": "16:15:10",
    "status": "close",
    "actionTaken": "provided cutlery"
  },
  {
    "s_no": 8,
    "pnr": "24680",
    "passengerName": "manisha kapoor",
    "contactNumber": "4567890123",
    "seatNumber": "55",
    "serviceType": "Linen",
    "complaint": "seats uncomfortable",
    "date": "10/24/2024",
    "time": "5:19:37 PM",
    "status": "close",
    "actionTaken": "nhi pta"
  },
  {
    "s_no": 9,
    "pnr": "98712",
    "passengerName": "sanjay tripathi",
    "contactNumber": "5432167890",
    "seatNumber": "12",
    "serviceType": "Veg",
    "complaint": "lack of options",
    "date": "10/7/2024",
    "time": "14:50:30",
    "status": "close",
    "actionTaken": "more options provided"
  },
  {
    "s_no": 10,
    "pnr": "32123",
    "passengerName": "geeta bhat",
    "contactNumber": "9876543211",
    "seatNumber": "19",
    "serviceType": "Non Veg",
    "complaint": "staff behavior",
    "date": "10/24/2024",
    "time": "5:31:20 PM",
    "status": "close",
    "actionTaken": "to sehlo behn"
  },
  {
    "s_no": 11,
    "pnr": "55555",
    "passengerName": "kiran rathi",
    "contactNumber": "0987654321",
    "seatNumber": "3",
    "serviceType": "Veg",
    "complaint": "food allergies ignored",
    "date": "10/8/2024",
    "time": "18:15:00",
    "status": "close",
    "actionTaken": "meal adjusted"
  },
  {
    "s_no": 12,
    "pnr": "67890",
    "passengerName": "suresh nath",
    "contactNumber": "5647382910",
    "seatNumber": "44",
    "serviceType": "Linen",
    "complaint": "blanket too thin",
    "date": "10/9/2024",
    "time": "22:00:00",
    "status": "open",
    "actionTaken": "extra blanket provided"
  },
  {
    "s_no": 13,
    "pnr": "13579",
    "passengerName": "neelam prasad",
    "contactNumber": "1928374650",
    "seatNumber": "60",
    "serviceType": "Non Veg",
    "complaint": "late departure",
    "date": "10/9/2024",
    "time": "12:35:00",
    "status": "close",
    "actionTaken": "compensation offered"
  },
  {
    "s_no": 14,
    "pnr": "24680",
    "passengerName": "rajesh yadav",
    "contactNumber": "0980123456",
    "seatNumber": "10",
    "serviceType": "Veg",
    "complaint": "no hot drinks",
    "date": "10/24/2024",
    "time": "5:20:38 PM",
    "status": "close",
    "actionTaken": "kya hi krogey"
  },
  {
    "s_no": 15,
    "pnr": "98721",
    "passengerName": "ajay sinha",
    "contactNumber": "8765432108",
    "seatNumber": "4",
    "serviceType": "Linen",
    "complaint": "lost luggage",
    "date": "10/10/2024",
    "time": "17:45:00",
    "status": "close",
    "actionTaken": "tracked luggage"
  },
  {
    "s_no": 16,
    "pnr": "56432",
    "passengerName": "tanya verma",
    "contactNumber": "5678901234",
    "seatNumber": "39",
    "serviceType": "Veg",
    "complaint": "unsatisfactory meal",
    "date": "10/11/2024",
    "time": "08:55:00",
    "status": "open",
    "actionTaken": "feedback taken"
  },
  {
    "s_no": 17,
    "pnr": "98712",
    "passengerName": "ravi sharma",
    "contactNumber": "6789012345",
    "seatNumber": "15",
    "serviceType": "Non Veg",
    "complaint": "poor Wi-Fi",
    "date": "10/11/2024",
    "time": "19:15:00",
    "status": "close",
    "actionTaken": "rebooted router"
  },
  {
    "s_no": 18,
    "pnr": "11111",
    "passengerName": "deepika nair",
    "contactNumber": "1234567890",
    "seatNumber": "28",
    "serviceType": "Linen",
    "complaint": "rude staff",
    "date": "10/12/2024",
    "time": "20:20:00",
    "status": "open",
    "actionTaken": "manager spoke to staff"
  },
  {
    "s_no": 19,
    "pnr": "22222",
    "passengerName": "kavita singh",
    "contactNumber": "3456789123",
    "seatNumber": "5",
    "serviceType": "Veg",
    "complaint": "no window seat",
    "date": "10/12/2024",
    "time": "10:05:00",
    "status": "close",
    "actionTaken": "offered upgrade"
  },
  {
    "s_no": 20,
    "pnr": "33333",
    "passengerName": "anil jha",
    "contactNumber": "7890123456",
    "seatNumber": "33",
    "serviceType": "Non Veg",
    "complaint": "no snacks available",
    "date": "10/13/2024",
    "time": "12:10:00",
    "status": "open",
    "actionTaken": "apology issued"
  },
  {
    "s_no": 21,
    "pnr": "44444",
    "passengerName": "lata bhattacharya",
    "contactNumber": "6789123450",
    "seatNumber": "48",
    "serviceType": "Linen",
    "complaint": "poor lighting",
    "date": "10/13/2024",
    "time": "14:45:00",
    "status": "close",
    "actionTaken": "fixed lighting"
  },
  {
    "s_no": 22,
    "pnr": "55555",
    "passengerName": "manoj kumar",
    "contactNumber": "5678901234",
    "seatNumber": "20",
    "serviceType": "Veg",
    "complaint": "no vegetarian options",
    "date": "10/14/2024",
    "time": "09:15:00",
    "status": "open",
    "actionTaken": "added options"
  },
  {
    "s_no": 23,
    "pnr": "66666",
    "passengerName": "seema gupta",
    "contactNumber": "4567890123",
    "seatNumber": "37",
    "serviceType": "Non Veg",
    "complaint": "no beverages served",
    "date": "10/14/2024",
    "time": "11:30:00",
    "status": "close",
    "actionTaken": "served beverages"
  },
  {
    "s_no": 24,
    "pnr": "77777",
    "passengerName": "pradeep tiwari",
    "contactNumber": "1234567899",
    "seatNumber": "18",
    "serviceType": "Linen",
    "complaint": "broken seat",
    "date": "10/15/2024",
    "time": "13:20:00",
    "status": "open",
    "actionTaken": "repaired seat"
  },
  {
    "s_no": 25,
    "pnr": "88888",
    "passengerName": "nisha prasad",
    "contactNumber": "2345678902",
    "seatNumber": "8",
    "serviceType": "Veg",
    "complaint": "no dessert options",
    "date": "10/15/2024",
    "time": "15:40:00",
    "status": "close",
    "actionTaken": "added desserts"
  },
  {
    "s_no": 26,
    "pnr": "99999",
    "passengerName": "ajit pawar",
    "contactNumber": "8765432107",
    "seatNumber": "36",
    "serviceType": "Non Veg",
    "complaint": "service too slow",
    "date": "10/16/2024",
    "time": "16:30:00",
    "status": "open",
    "actionTaken": "escalated issue"
  },
  {
    "s_no": 27,
    "pnr": "10101",
    "passengerName": "suman bhowmik",
    "contactNumber": "5432167898",
    "seatNumber": "23",
    "serviceType": "Linen",
    "complaint": "poor connectivity",
    "date": "10/16/2024",
    "time": "19:50:00",
    "status": "close",
    "actionTaken": "checked signal"
  },
  {
    "s_no": 28,
    "pnr": "20202",
    "passengerName": "abhay sharma",
    "contactNumber": "6789012345",
    "seatNumber": "14",
    "serviceType": "Veg",
    "complaint": "temperature too low",
    "date": "10/17/2024",
    "time": "21:00:00",
    "status": "open",
    "actionTaken": "adjusted temperature"
  },
  {
    "s_no": 29,
    "pnr": "30303",
    "passengerName": "pooja verma",
    "contactNumber": "7890123456",
    "seatNumber": "31",
    "serviceType": "Non Veg",
    "complaint": "too noisy",
    "date": "10/17/2024",
    "time": "11:10:00",
    "status": "close",
    "actionTaken": "requested silence"
  },
  {
    "s_no": 30,
    "pnr": "40404",
    "passengerName": "ajay kumar",
    "contactNumber": "8901234567",
    "seatNumber": "50",
    "serviceType": "Linen",
    "complaint": "confusing announcements",
    "date": "10/18/2024",
    "time": "18:20:00",
    "status": "open",
    "actionTaken": "clarified announcements"
  },
  {
    "s_no": 31,
    "pnr": "50505",
    "passengerName": "saira khan",
    "contactNumber": "4567890123",
    "seatNumber": "62",
    "serviceType": "Veg",
    "complaint": "no entertainment options",
    "date": "10/18/2024",
    "time": "12:25:00",
    "status": "close",
    "actionTaken": "added movies"
  },
  {
    "s_no": 32,
    "pnr": "60606",
    "passengerName": "kailash pande",
    "contactNumber": "1234509876",
    "seatNumber": "9",
    "serviceType": "Non Veg",
    "complaint": "not enough legroom",
    "date": "10/19/2024",
    "time": "15:35:00",
    "status": "open",
    "actionTaken": "upgraded seat"
  },
  {
    "s_no": 33,
    "pnr": "70707",
    "passengerName": "manoj jha",
    "contactNumber": "5678901234",
    "seatNumber": "41",
    "serviceType": "Linen",
    "complaint": "food poisoning concern",
    "date": "10/19/2024",
    "time": "17:50:00",
    "status": "close",
    "actionTaken": "investigated food"
  },
  {
    "s_no": 34,
    "pnr": "80808",
    "passengerName": "sunita basu",
    "contactNumber": "2345678901",
    "seatNumber": "70",
    "serviceType": "Veg",
    "complaint": "missing baggage",
    "date": "10/20/2024",
    "time": "08:45:00",
    "status": "open",
    "actionTaken": "tracked baggage"
  },
  {
    "s_no": 35,
    "pnr": "90909",
    "passengerName": "rajesh mathur",
    "contactNumber": "8901234567",
    "seatNumber": "48",
    "serviceType": "Non Veg",
    "complaint": "no boarding pass",
    "date": "10/20/2024",
    "time": "14:10:00",
    "status": "close",
    "actionTaken": "reissued pass"
  },
  {
    "s_no": 36,
    "pnr": "11121",
    "passengerName": "suman mishra",
    "contactNumber": "1234567892",
    "seatNumber": "33",
    "serviceType": "Linen",
    "complaint": "no soap in restroom",
    "date": "10/21/2024",
    "time": "19:00:00",
    "status": "open",
    "actionTaken": "restocked soap"
  },
  {
    "s_no": 37,
    "pnr": "22232",
    "passengerName": "aditya sahai",
    "contactNumber": "6789012345",
    "seatNumber": "1",
    "serviceType": "Veg",
    "complaint": "overcrowded cabin",
    "date": "10/21/2024",
    "time": "20:15:00",
    "status": "close",
    "actionTaken": "requested space"
  },
  {
    "s_no": 38,
    "pnr": "33343",
    "passengerName": "meera kapoor",
    "contactNumber": "2345678912",
    "seatNumber": "66",
    "serviceType": "Non Veg",
    "complaint": "snack quality poor",
    "date": "10/22/2024",
    "time": "10:30:00",
    "status": "open",
    "actionTaken": "changed snacks"
  },
  {
    "s_no": 39,
    "pnr": "44454",
    "passengerName": "puneet verma",
    "contactNumber": "5678901234",
    "seatNumber": "24",
    "serviceType": "Linen",
    "complaint": "no pillows provided",
    "date": "10/22/2024",
    "time": "15:50:00",
    "status": "close",
    "actionTaken": "provided pillows"
  },
  {
    "s_no": 40,
    "pnr": "55565",
    "passengerName": "deepak jha",
    "contactNumber": "6789012345",
    "seatNumber": "16",
    "serviceType": "Veg",
    "complaint": "TV not working",
    "date": "10/22/2024",
    "time": "13:15:00",
    "status": "open",
    "actionTaken": "repaired TV"
  },
  {
    "s_no": 41,
    "pnr": "66676",
    "passengerName": "anjali rao",
    "contactNumber": "1234567891",
    "seatNumber": "75",
    "serviceType": "Non Veg",
    "complaint": "broken tray table",
    "date": "10/23/2024",
    "time": "19:40:00",
    "status": "close",
    "actionTaken": "replaced table"
  },
  {
    "s_no": 42,
    "pnr": "77787",
    "passengerName": "riya kapoor",
    "contactNumber": "7890123456",
    "seatNumber": "25",
    "serviceType": "Linen",
    "complaint": "service lacking",
    "date": "10/24/2024",
    "time": "11:55:00",
    "status": "open",
    "actionTaken": "enhanced service"
  },
  {
    "s_no": 43,
    "pnr": "88898",
    "passengerName": "sahil malik",
    "contactNumber": "8901234567",
    "seatNumber": "90",
    "serviceType": "Veg",
    "complaint": "smell in cabin",
    "date": "10/24/2024",
    "time": "16:00:00",
    "status": "close",
    "actionTaken": "cleaned cabin"
  },
  {
    "s_no": 44,
    "pnr": "99909",
    "passengerName": "veena sharma",
    "contactNumber": "5678901234",
    "seatNumber": "77",
    "serviceType": "Non Veg",
    "complaint": "food not fresh",
    "date": "10/25/2024",
    "time": "20:30:00",
    "status": "open",
    "actionTaken": "replaced food"
  },
  {
    "s_no": 45,
    "pnr": "10110",
    "passengerName": "priya bhat",
    "contactNumber": "6789012345",
    "seatNumber": "26",
    "serviceType": "Linen",
    "complaint": "too cold in cabin",
    "date": "10/25/2024",
    "time": "12:15:00",
    "status": "close",
    "actionTaken": "adjusted temperature"
  },
  {
    "s_no": 46,
    "pnr": "11111",
    "passengerName": "ravi shukla",
    "contactNumber": "5432167890",
    "seatNumber": "99",
    "serviceType": "Veg",
    "complaint": "lost boarding pass",
    "date": "10/26/2024",
    "time": "09:45:00",
    "status": "open",
    "actionTaken": "issued new pass"
  },
  {
    "s_no": 47,
    "pnr": "12121",
    "passengerName": "kiran rani",
    "contactNumber": "8765432109",
    "seatNumber": "44",
    "serviceType": "Non Veg",
    "complaint": "poor meal quality",
    "date": "10/26/2024",
    "time": "13:25:00",
    "status": "close",
    "actionTaken": "updated menu"
  },
  {
    "s_no": 48,
    "pnr": "13131",
    "passengerName": "arun bhargav",
    "contactNumber": "6789012345",
    "seatNumber": "12",
    "serviceType": "Linen",
    "complaint": "uncomfortable chair",
    "date": "10/27/2024",
    "time": "14:40:00",
    "status": "open",
    "actionTaken": "replaced chair"
  },
  {
    "s_no": 49,
    "pnr": "14141",
    "passengerName": "sonam ghosh",
    "contactNumber": "7654321098",
    "seatNumber": "8",
    "serviceType": "Veg",
    "complaint": "service delay",
    "date": "10/27/2024",
    "time": "18:05:00",
    "status": "close",
    "actionTaken": "apology given"
  },
  {
    "s_no": 50,
    "pnr": "15151",
    "passengerName": "gopal sharma",
    "contactNumber": "2345678901",
    "seatNumber": "56",
    "serviceType": "Non Veg",
    "complaint": "overbooked flight",
    "date": "10/28/2024",
    "time": "15:30:00",
    "status": "open",
    "actionTaken": "compensation offered"
  },
  {
    "s_no": 51,
    "pnr": "16161",
    "passengerName": "nisha ghosh",
    "contactNumber": "0987654321",
    "seatNumber": "29",
    "serviceType": "Linen",
    "complaint": "staff negligence",
    "date": "10/28/2024",
    "time": "22:15:00",
    "status": "close",
    "actionTaken": "staff training"
  },
  {
    "s_no": 52,
    "pnr": "17171",
    "passengerName": "vijay tiwari",
    "contactNumber": "4567890123",
    "seatNumber": "60",
    "serviceType": "Veg",
    "complaint": "no onboard entertainment",
    "date": "10/29/2024",
    "time": "19:30:00",
    "status": "open",
    "actionTaken": "added movies"
  },
  {
    "s_no": 53,
    "pnr": "18181",
    "passengerName": "puneet mehta",
    "contactNumber": "2345678904",
    "seatNumber": "38",
    "serviceType": "Non Veg",
    "complaint": "late food delivery",
    "date": "10/29/2024",
    "time": "12:55:00",
    "status": "close",
    "actionTaken": "resolved issue"
  },
  {
    "s_no": 54,
    "pnr": "19191",
    "passengerName": "anita sharma",
    "contactNumber": "9876543210",
    "seatNumber": "72",
    "serviceType": "Linen",
    "complaint": "poor air quality",
    "date": "10/30/2024",
    "time": "09:05:00",
    "status": "open",
    "actionTaken": "improved air circulation"
  },
  {
    "s_no": 55,
    "pnr": "20202",
    "passengerName": "ravi kumar",
    "contactNumber": "1234509876",
    "seatNumber": "46",
    "serviceType": "Veg",
    "complaint": "no snacks available",
    "date": "10/30/2024",
    "time": "14:30:00",
    "status": "close",
    "actionTaken": "served snacks"
  },
  {
    "s_no": 56,
    "pnr": "21212",
    "passengerName": "neha singh",
    "contactNumber": "3456789012",
    "seatNumber": "57",
    "serviceType": "Non Veg",
    "complaint": "too loud announcements",
    "date": "10/31/2024",
    "time": "20:25:00",
    "status": "open",
    "actionTaken": "reduced volume"
  },
  {
    "s_no": 57,
    "pnr": "22222",
    "passengerName": "suresh rai",
    "contactNumber": "4567890123",
    "seatNumber": "10",
    "serviceType": "Linen",
    "complaint": "faulty restroom",
    "date": "10/31/2024",
    "time": "09:45:00",
    "status": "close",
    "actionTaken": "fixed restroom"
  },
  {
    "s_no": 58,
    "pnr": "23232",
    "passengerName": "deepali sharma",
    "contactNumber": "5678901234",
    "seatNumber": "4",
    "serviceType": "Veg",
    "complaint": "rude staff",
    "date": "11/01/2024",
    "time": "18:35:00",
    "status": "open",
    "actionTaken": "addressed behavior"
  },
  {
    "s_no": 59,
    "pnr": "24242",
    "passengerName": "mohit mehta",
    "contactNumber": "6789012345",
    "seatNumber": "67",
    "serviceType": "Non Veg",
    "complaint": "no WiFi access",
    "date": "11/01/2024",
    "time": "22:50:00",
    "status": "close",
    "actionTaken": "improved connectivity"
  },
  {
    "s_no": 60,
    "pnr": "25252",
    "passengerName": "sunil sharma",
    "contactNumber": "7890123456",
    "seatNumber": "78",
    "serviceType": "Linen",
    "complaint": "no air conditioning",
    "date": "11/02/2024",
    "time": "10:00:00",
    "status": "open",
    "actionTaken": "fixed AC"
  },
  {
    "s_no": 61,
    "pnr": "26262",
    "passengerName": "rajendra gupta",
    "contactNumber": "8901234567",
    "seatNumber": "39",
    "serviceType": "Veg",
    "complaint": "no meal options",
    "date": "11/02/2024",
    "time": "14:15:00",
    "status": "close",
    "actionTaken": "added meal options"
  },
  {
    "s_no": 62,
    "pnr": "27272",
    "passengerName": "priya rawat",
    "contactNumber": "5432167890",
    "seatNumber": "11",
    "serviceType": "Non Veg",
    "complaint": "lost luggage",
    "date": "11/03/2024",
    "time": "16:40:00",
    "status": "open",
    "actionTaken": "tracked luggage"
  },
  {
    "s_no": 63,
    "pnr": "28282",
    "passengerName": "neeta sharma",
    "contactNumber": "6789012345",
    "seatNumber": "65",
    "serviceType": "Linen",
    "complaint": "missing headsets",
    "date": "11/03/2024",
    "time": "19:20:00",
    "status": "close",
    "actionTaken": "issued headsets"
  },
  {
    "s_no": 64,
    "pnr": "29292",
    "passengerName": "ravi singh",
    "contactNumber": "7890123456",
    "seatNumber": "81",
    "serviceType": "Veg",
    "complaint": "not enough food served",
    "date": "11/04/2024",
    "time": "13:55:00",
    "status": "open",
    "actionTaken": "served more food"
  },
  {
    "s_no": 65,
    "pnr": "30303",
    "passengerName": "rahul jha",
    "contactNumber": "8901234567",
    "seatNumber": "53",
    "serviceType": "Non Veg",
    "complaint": "too few options",
    "date": "11/04/2024",
    "time": "16:15:00",
    "status": "close",
    "actionTaken": "added options"
  },
  {
    "s_no": 66,
    "pnr": "31313",
    "passengerName": "sangeeta aggarwal",
    "contactNumber": "6789012345",
    "seatNumber": "3",
    "serviceType": "Linen",
    "complaint": "service issues",
    "date": "11/05/2024",
    "time": "09:20:00",
    "status": "open",
    "actionTaken": "escalated issues"
  },
  {
    "s_no": 67,
    "pnr": "32323",
    "passengerName": "kumar ghosh",
    "contactNumber": "2345678901",
    "seatNumber": "59",
    "serviceType": "Veg",
    "complaint": "poor food quality",
    "date": "11/05/2024",
    "time": "12:40:00",
    "status": "close",
    "actionTaken": "updated quality"
  },
  {
    "s_no": 68,
    "pnr": "33333",
    "passengerName": "shanti jha",
    "contactNumber": "3456789012",
    "seatNumber": "45",
    "serviceType": "Non Veg",
    "complaint": "no napkins available",
    "date": "11/06/2024",
    "time": "20:30:00",
    "status": "open",
    "actionTaken": "provided napkins"
  },
  {
    "s_no": 69,
    "pnr": "34343",
    "passengerName": "manju choudhary",
    "contactNumber": "7890123456",
    "seatNumber": "7",
    "serviceType": "Linen",
    "complaint": "outdated menu",
    "date": "11/06/2024",
    "time": "15:55:00",
    "status": "close",
    "actionTaken": "updated menu"
  },
  {
    "s_no": 70,
    "pnr": "35353",
    "passengerName": "sita tiwari",
    "contactNumber": "2345678901",
    "seatNumber": "30",
    "serviceType": "Veg",
    "complaint": "no hot drinks",
    "date": "11/07/2024",
    "time": "14:20:00",
    "status": "open",
    "actionTaken": "added hot drinks"
  },
  {
    "s_no": 71,
    "pnr": "36363",
    "passengerName": "shree jha",
    "contactNumber": "8901234567",
    "seatNumber": "19",
    "serviceType": "Non Veg",
    "complaint": "too much noise",
    "date": "11/07/2024",
    "time": "16:50:00",
    "status": "close",
    "actionTaken": "requested silence"
  },
  {
    "s_no": 72,
    "pnr": "37373",
    "passengerName": "anupama sen",
    "contactNumber": "6789012345",
    "seatNumber": "44",
    "serviceType": "Linen",
    "complaint": "inadequate restrooms",
    "date": "11/08/2024",
    "time": "09:15:00",
    "status": "open",
    "actionTaken": "addressed restroom issue"
  },
  {
    "s_no": 73,
    "pnr": "38383",
    "passengerName": "suman de",
    "contactNumber": "2345678901",
    "seatNumber": "15",
    "serviceType": "Veg",
    "complaint": "no snacks served",
    "date": "11/08/2024",
    "time": "18:25:00",
    "status": "close",
    "actionTaken": "served snacks"
  },
  {
    "s_no": 74,
    "pnr": "39393",
    "passengerName": "nisha mehta",
    "contactNumber": "3456789012",
    "seatNumber": "27",
    "serviceType": "Non Veg",
    "complaint": "missing dessert",
    "date": "11/09/2024",
    "time": "20:45:00",
    "status": "open",
    "actionTaken": "served dessert"
  },
  {
    "s_no": 75,
    "pnr": "40404",
    "passengerName": "anil gupta",
    "contactNumber": "5678901234",
    "seatNumber": "33",
    "serviceType": "Linen",
    "complaint": "not enough blankets",
    "date": "11/09/2024",
    "time": "14:10:00",
    "status": "close",
    "actionTaken": "provided blankets"
  },
  {
    "s_no": 76,
    "pnr": "41414",
    "passengerName": "meera jha",
    "contactNumber": "6789012345",
    "seatNumber": "18",
    "serviceType": "Veg",
    "complaint": "poor meal variety",
    "date": "11/10/2024",
    "time": "13:30:00",
    "status": "open",
    "actionTaken": "updated menu"
  },
  {
    "s_no": 77,
    "pnr": "42424",
    "passengerName": "rohit shetty",
    "contactNumber": "8901234567",
    "seatNumber": "59",
    "serviceType": "Non Veg",
    "complaint": "bad odor",
    "date": "11/10/2024",
    "time": "15:00:00",
    "status": "close",
    "actionTaken": "cleaned area"
  },
  {
    "s_no": 78,
    "pnr": "43434",
    "passengerName": "dinesh sharma",
    "contactNumber": "6789012345",
    "seatNumber": "21",
    "serviceType": "Linen",
    "complaint": "poor communication",
    "date": "11/11/2024",
    "time": "12:40:00",
    "status": "open",
    "actionTaken": "trained staff"
  },
  {
    "s_no": 79,
    "pnr": "44444",
    "passengerName": "suman sharma",
    "contactNumber": "8901234567",
    "seatNumber": "22",
    "serviceType": "Veg",
    "complaint": "missing vegetarian options",
    "date": "11/11/2024",
    "time": "14:10:00",
    "status": "close",
    "actionTaken": "added options"
  },
  {
    "s_no": 80,
    "pnr": "45454",
    "passengerName": "rahul khanna",
    "contactNumber": "1234567890",
    "seatNumber": "14",
    "serviceType": "Non Veg",
    "complaint": "insufficient staff",
    "date": "11/12/2024",
    "time": "11:25:00",
    "status": "open",
    "actionTaken": "recruited staff"
  },
  {
    "s_no": 81,
    "pnr": "46464",
    "passengerName": "shweta malhotra",
    "contactNumber": "2345678901",
    "seatNumber": "3",
    "serviceType": "Linen",
    "complaint": "no hot water",
    "date": "11/12/2024",
    "time": "14:55:00",
    "status": "close",
    "actionTaken": "fixed hot water"
  },
  {
    "s_no": 82,
    "pnr": "47474",
    "passengerName": "vijay sharma",
    "contactNumber": "5678901234",
    "seatNumber": "75",
    "serviceType": "Veg",
    "complaint": "uncomfortable seat",
    "date": "11/13/2024",
    "time": "09:15:00",
    "status": "open",
    "actionTaken": "adjusted seat"
  },
  {
    "s_no": 83,
    "pnr": "48484",
    "passengerName": "meenal khanna",
    "contactNumber": "6789012345",
    "seatNumber": "24",
    "serviceType": "Non Veg",
    "complaint": "poor quality food",
    "date": "11/13/2024",
    "time": "18:50:00",
    "status": "close",
    "actionTaken": "served better quality food"
  },
  {
    "s_no": 84,
    "pnr": "49494",
    "passengerName": "manoj yadav",
    "contactNumber": "7890123456",
    "seatNumber": "88",
    "serviceType": "Linen",
    "complaint": "faulty air conditioning",
    "date": "11/14/2024",
    "time": "14:00:00",
    "status": "open",
    "actionTaken": "fixed air conditioning"
  },
  {
    "s_no": 85,
    "pnr": "50505",
    "passengerName": "sita agarwal",
    "contactNumber": "8901234567",
    "seatNumber": "33",
    "serviceType": "Veg",
    "complaint": "no cutlery",
    "date": "11/14/2024",
    "time": "17:30:00",
    "status": "close",
    "actionTaken": "provided cutlery"
  },
  {
    "s_no": 86,
    "pnr": "51515",
    "passengerName": "nisha rao",
    "contactNumber": "2345678901",
    "seatNumber": "68",
    "serviceType": "Non Veg",
    "complaint": "too few options",
    "date": "11/15/2024",
    "time": "11:10:00",
    "status": "open",
    "actionTaken": "added options"
  },
  {
    "s_no": 87,
    "pnr": "52525",
    "passengerName": "sourav bhattacharya",
    "contactNumber": "6789012345",
    "seatNumber": "12",
    "serviceType": "Linen",
    "complaint": "inadequate pillows",
    "date": "11/15/2024",
    "time": "20:20:00",
    "status": "close",
    "actionTaken": "provided pillows"
  },
  {
    "s_no": 88,
    "pnr": "53535",
    "passengerName": "manju rani",
    "contactNumber": "7890123456",
    "seatNumber": "47",
    "serviceType": "Veg",
    "complaint": "service delay",
    "date": "11/16/2024",
    "time": "19:00:00",
    "status": "open",
    "actionTaken": "apology given"
  },
  {
    "s_no": 89,
    "pnr": "54545",
    "passengerName": "sita jha",
    "contactNumber": "8901234567",
    "seatNumber": "27",
    "serviceType": "Non Veg",
    "complaint": "poor meal presentation",
    "date": "11/16/2024",
    "time": "12:30:00",
    "status": "close",
    "actionTaken": "improved presentation"
  },
  {
    "s_no": 90,
    "pnr": "55555",
    "passengerName": "geeta rai",
    "contactNumber": "1234567890",
    "seatNumber": "5",
    "serviceType": "Linen",
    "complaint": "service inconsistencies",
    "date": "11/17/2024",
    "time": "08:20:00",
    "status": "open",
    "actionTaken": "addressed inconsistencies"
  },
  {
    "s_no": 91,
    "pnr": "56565",
    "passengerName": "vishal sharma",
    "contactNumber": "2345678901",
    "seatNumber": "61",
    "serviceType": "Veg",
    "complaint": "no dessert options",
    "date": "11/17/2024",
    "time": "14:45:00",
    "status": "close",
    "actionTaken": "added dessert options"
  },
  {
    "s_no": 92,
    "pnr": "57575",
    "passengerName": "dinesh malhotra",
    "contactNumber": "6789012345",
    "seatNumber": "50",
    "serviceType": "Non Veg",
    "complaint": "slow service",
    "date": "11/18/2024",
    "time": "10:10:00",
    "status": "open",
    "actionTaken": "improved service"
  },
  {
    "s_no": 93,
    "pnr": "58585",
    "passengerName": "ananya tiwari",
    "contactNumber": "7890123456",
    "seatNumber": "40",
    "serviceType": "Linen",
    "complaint": "not enough towels",
    "date": "11/18/2024",
    "time": "18:30:00",
    "status": "close",
    "actionTaken": "provided towels"
  },
  {
    "s_no": 94,
    "pnr": "59595",
    "passengerName": "rajat singh",
    "contactNumber": "8901234567",
    "seatNumber": "72",
    "serviceType": "Veg",
    "complaint": "no water service",
    "date": "11/19/2024",
    "time": "09:50:00",
    "status": "open",
    "actionTaken": "addressed water service"
  },
  {
    "s_no": 95,
    "pnr": "60606",
    "passengerName": "nisha ghosh",
    "contactNumber": "2345678901",
    "seatNumber": "31",
    "serviceType": "Non Veg",
    "complaint": "food not hot",
    "date": "11/19/2024",
    "time": "17:15:00",
    "status": "close",
    "actionTaken": "served hot food"
  },
  {
    "s_no": 96,
    "pnr": "61616",
    "passengerName": "mohan tiwari",
    "contactNumber": "6789012345",
    "seatNumber": "86",
    "serviceType": "Linen",
    "complaint": "no personal space",
    "date": "11/20/2024",
    "time": "14:40:00",
    "status": "open",
    "actionTaken": "arranged more space"
  },
  {
    "s_no": 97,
    "pnr": "62626",
    "passengerName": "ajay ghosh",
    "contactNumber": "8901234567",
    "seatNumber": "99",
    "serviceType": "Veg",
    "complaint": "no hot snacks",
    "date": "11/20/2024",
    "time": "16:30:00",
    "status": "close",
    "actionTaken": "served hot snacks"
  },
  {
    "s_no": 98,
    "pnr": "63636",
    "passengerName": "neha mehta",
    "contactNumber": "1234567890",
    "seatNumber": "11",
    "serviceType": "Non Veg",
    "complaint": "unpleasant smell",
    "date": "11/21/2024",
    "time": "12:25:00",
    "status": "open",
    "actionTaken": "addressed smell"
  },
  {
    "s_no": 99,
    "pnr": "64646",
    "passengerName": "anjali aggarwal",
    "contactNumber": "2345678901",
    "seatNumber": "5",
    "serviceType": "Linen",
    "complaint": "overcooked food",
    "date": "11/21/2024",
    "time": "19:15:00",
    "status": "close",
    "actionTaken": "served properly cooked food"
  },
  {
    "s_no": 100,
    "pnr": "65656",
    "passengerName": "deepak khanna",
    "contactNumber": "3456789012",
    "seatNumber": "12",
    "serviceType": "Veg",
    "complaint": "inadequate food portion",
    "date": "10/22/2024",
    "time": "10:40:00",
    "status": "open",
    "actionTaken": "increased portion size"
  },
  {
    "id": 101,
    "pnr": "213211",
    "passengerName": "aman  kumar modanwal",
    "contactNumber": "9876",
    "seatNumber": "90",
    "serviceType": "Linen",
    "complaint": "aman rock",
    "date": "10/24/2024",
    "time": "17:02",
    "status": "open",
    "actionTaken": "No_Action_Taken"
  }
]