23,eyey53,655565,rt54,Special Case,BBC sgsg,04/06/24,10:46:52,open,NO_ACTION_TAKEN
123,an,7655543322,76,Security,po
842,aman,8423194569,12,Veg,request pilllow
 
123,qw,7655543322,4r,Emergency,hghg,23/09/2024,15:08:18,open,No_Action_Taken
aqa,aman,43,12,Security,zzzzzzzzzzzzzzzzzzzzzzzzzz,23/09/2024,15:54:18,open,No_Action_Taken
123,an,43,12,Linen,aerooppppppppppppp,23/09/2024,17:21:56,open,No_Action_Taken
123,qw,43,45,Security,opppppppppppppppppppp,23/09/2024,17:25:19,open,No_Action_Taken
123,aman,12,111,Veg,hello ,23/09/2024,17:27:07,open,No_Action_Taken
842,aman,8423194569,4r,Veg,aaaaaaaaaaaaaaaaaaaaaaaaayyyyyyyyyyyyyyyyyyyyyyyyy,23/09/2024,17:41:25,open,No_Action_Taken
